node1,node2,node3,node4
32,29.34954335,34.10739407,24.11875756
32,28.08205947,34.99679816,24.54496427
31,28.35400856,33.75644911,23.19047037
31,27.50418515,34.03897839,22.60326176
33,31.05138445,37.27529674,24.19863855
33,27.697634,36.84193399,24.95063465
33,30.58735352,36.08461214,23.74775014
32,28.54581454,36.29254167,22.88899016
33,30.19272683,35.26839546,23.94205427
32,29.86226989,35.48722928,22.24928718
32,27.97626918,36.15459324,21.33746467
32,29.53466279,35.73521616,24.25716341
33,30.36811894,35.73475221,25.09295054
34,32.12655421,36.99133644,26.31547344
34,29.84018713,36.98002723,24.21204699
35,31.79896376,37.62945757,23.79248676
37,35.51423668,40.81602817,28.27623665
37,34.08598409,40.52779198,26.3718827
37,33.7268478,41.62564886,29.51915678
37,34.02349384,41.52135789,25.15450573
34,30.14666722,37.59355119,22.9576878
34,30.90862402,37.33428822,24.58144581
34,30.98647582,38.66410479,23.97138784
36,33.27821803,38.36952358,25.0561104
37,33.84688153,38.78961216,26.03944254
38,35.06273202,39.94381139,26.23567222
38,33.5083781,42.27241257,26.2370692
38,33.94691981,40.35093915,27.58625053
38,36.27933912,41.75736,27.75671463
38,34.56629453,42.92842209,26.87864578
37,33.70235949,40.19026941,25.50759124
37,34.1739179,40.10734979,26.12647449
38,35.84749058,42.05565035,24.80358618
37,34.57969481,40.18827847,27.13603857
37,32.57542058,40.49140048,27.4282667
37,32.1988055,39.24591455,24.7612334
36,33.15384237,40.19449689,26.53410038
35,32.81708517,38.79052473,25.68482321
33,30.1635047,34.74806572,20.86000089
33,30.23006992,35.95773503,23.2770399
33,29.25819414,35.56059087,24.65119509
33,30.12287963,37.33500985,25.42382444
37,34.80945256,41.4287518,27.70245676
38,34.60659523,41.09130137,26.15777843
35,30.71808861,39.73474647,24.93004164
36,33.78175183,39.67899583,27.25548634
37,34.56354752,39.77723206,27.43639147
37,34.09988991,41.21957408,26.57778382
36,34.0452609,40.27472366,25.11364152
36,30.4658279,37.49714924,25.04916113
37,32.64601044,41.7945925,24.14271445
36,31.70255638,40.70547622,26.56917882
37,33.31273704,40.40203808,26.4909427
36,33.96361197,38.03865228,27.04978729
36,32.71161154,39.71516667,25.83432413
34,32.2113357,36.99165724,22.74896679
34,30.53631575,38.31059974,24.46158169
35,31.27884852,39.43420832,26.67007355
36,33.20277172,39.90723155,24.81712458
35,33.46814497,38.97194123,26.74887079
35,30.21944093,37.63152345,23.71033376
35,31.91417993,37.79660323,25.30990776
33,29.62557536,37.32174677,24.12809416
35,32.27921971,37.81236357,25.98074274
35,29.90327723,37.95597323,23.3902952
34,31.69520108,37.85322064,23.23605818
34,29.83465334,37.78860157,24.52624565
35,31.67646785,38.50123498,24.99563391
37,33.47336396,40.23120118,25.34119784
33,31.03125572,37.32707035,24.41382927
33,29.46915067,35.82838797,24.92295878
33,29.37455232,38.48831713,22.21572497
33,30.15390232,36.56966693,24.34813486
32,29.39830087,36.4381732,23.44833727
32,29.40933347,34.71848465,23.3139061
32,29.35768696,33.78947491,22.07880219
32,29.20166304,34.67648602,23.17373641
31,27.87661695,33.84034911,19.05528289
29,26.47420614,31.44347536,20.20778052
31,28.77607533,33.90560012,22.01503092
31,27.22634581,33.25330179,20.47253208
31,28.33470748,33.79234543,21.95893416
30,27.73199752,31.33904422,20.28514549
30,28.29411931,31.99835956,22.11983163
29,26.42538028,31.50171537,20.39544268
30,27.14124221,33.26250471,21.84536401
33,28.48394215,36.95276635,23.36415919
30,26.94071204,32.26960326,20.93823634
29,28.57495365,34.12939997,22.49276416
30,27.63717216,33.77511036,23.29100261
31,29.09207114,34.37984162,21.94591981
32,29.26023451,36.00757918,24.10612736
32,30.46300781,37.18094273,25.65372054
33,28.96350735,36.02009269,23.81156411
33,30.31798769,36.59940379,23.7324849
34,31.61596232,36.62064898,24.16656653
35,31.85622097,38.78986623,26.04626458
30,28.25710546,34.75651656,22.34919597
30,26.31200707,33.42603504,22.06763944
32,29.51110743,34.52390036,23.93645604
33,28.75219839,35.09654731,22.03656283
32,29.38445192,35.36145006,23.40676845
30,26.96242637,31.61932373,22.10883505
28,24.92333141,32.08478214,19.9846975
27,25.62223744,29.49901286,18.74360839
27,25.00019198,29.09748589,20.06285265
29,25.34849952,32.96554582,19.56722278
32,29.67929076,34.21677032,21.50739756
30,27.6897612,34.00328807,23.43679351
30,27.70345926,33.216837,20.29365614
29,26.62765995,32.25451116,21.016476
28,26.97963491,30.15250766,21.49177529
28,26.8040735,29.66919916,20.68305369
27,25.28717803,29.43655185,19.28296115
24,21.65010766,27.94442364,15.65332105
23,19.49134523,26.01555527,16.21566021
26,24.20055027,29.91714551,19.61398438
26,23.6768913,28.9461896,18.25387397
26,23.23585128,28.15883035,17.14029135
27,26.48545093,29.64651201,18.45942913
24,21.69284676,27.43121036,18.75593726
26,24.15522726,28.34487944,18.8065067
24,20.0376627,27.4329207,16.73840725
24,20.99229331,27.91785295,17.93118293
23,21.30953953,25.89917526,17.30397253
24,21.53355275,25.91619191,18.59517734
27,23.83733307,32.28368931,19.26849037
27,24.9072278,29.77775606,18.8328488
24,21.25321243,24.69976191,15.52219957
24,21.77062925,25.63346728,17.73233442
26,21.72594156,27.77189647,17.45023213
23,20.68032694,26.79408078,15.02294554
20,16.20006236,22.54210269,12.29729031
23,21.35558201,25.03834762,16.39661114
19,17.08865182,20.36325292,12.52431664
22,18.71988432,23.19125739,15.40515277
20,17.80216137,21.59380287,13.91624479
22,20.63940874,25.98581815,17.59689729
23,20.27967167,25.88136848,16.62535754
27,24.44033896,30.83301819,20.63958326
27,25.27434649,29.20365252,21.09613121
24,22.32379792,26.13100748,15.68714606
20,19.92178867,22.11153894,15.88994426
22,20.2595384,25.40825958,15.96841386
24,22.57105695,26.90913706,17.68504076
22,19.23089003,23.47117699,14.48687531
19,18.56355499,21.17565998,15.08546456
20,17.42610633,21.06971859,14.20593503
17,16.74657318,19.4039885,13.74539263
19,17.56873005,19.64484875,13.87382911
26,23.09703082,27.8647367,17.12629887
26,22.4601273,28.50368526,18.14944788
20,17.80773799,19.77213498,11.53328261
20,17.94629237,22.06899448,14.64780745
16,14.85332855,16.57018975,11.56908182
17,15.75582116,20.41499926,11.54133254
19,15.82166978,21.67788732,12.92518818
22,20.18004958,23.10410359,16.21119843
22,19.06208227,24.63530274,15.33985246
20,17.67654602,21.73233003,13.58567546
20,18.19197991,22.57487316,15.25380973
20,16.88090915,22.37293268,13.87810362
22,19.0988878,22.22830977,16.22326693
22,19.71722292,25.3816373,16.43855757
20,17.41791657,21.41488446,14.64670124
20,19.23513384,21.82070302,13.3950006
17,13.12326744,17.40146143,11.49849783
23,20.06000545,25.66477265,16.49873036
20,18.28544812,21.94319626,12.93176242
24,21.10907305,27.15302905,18.24326279
23,21.3390833,25.30153182,16.6607175
23,20.69173287,24.871214,18.89017978
22,20.93832261,24.85067207,16.10143749
17,14.93838327,18.25627761,9.7898728
17,15.64694323,17.62467697,12.50907222
23,19.89681386,24.51551749,15.69212175
23,20.23245174,26.94645563,15.42437104
26,23.25771396,27.09076512,16.72775432
26,25.46988421,29.67304189,20.87070951
24,21.47741442,26.72627575,18.8759559
23,21.38573285,24.15192989,15.60463124
22,19.55029046,22.94861404,14.48673
23,19.70064104,26.36337492,15.27121365
16,15.00103142,16.26428979,11.58181443
17,17.94930765,19.33144726,13.97428714
20,20.05281132,20.70501175,15.17893737
19,17.60887313,20.04622949,11.2964518
23,21.60242703,25.23560539,15.42612316
20,19.37395314,21.46039925,14.25050994
17,16.1222195,20.66235577,13.65890083
17,16.30342137,19.29940498,12.09895358
20,17.81820341,19.47698344,14.81967983
19,17.86494382,20.59288533,13.96854624
20,18.5918104,20.5630612,13.96427912
20,18.90910372,21.07265542,13.66494925
20,17.61148395,22.20658871,13.23727524
19,18.39030516,20.35743412,14.9795632
20,19.46142715,22.83311912,14.49157067
24,20.76335272,26.78451184,15.9463231
24,21.95953585,24.13929912,15.65604615
24,21.20009034,27.06458831,16.52727592
18,15.37283409,21.0150253,14.49890224
20,18.82443169,22.72757785,13.80236037
24,23.2216327,25.98164509,17.92115784
27,26.64420562,30.23201657,20.42458226
30,27.0962233,31.85673055,18.75822296
32,30.94078244,35.3928797,22.86879517
24,22.48602812,27.22733684,18.68297734
21,19.53320323,23.78808058,14.45235868
27,25.19764873,29.70800685,20.26542456
20,18.96981565,21.29964795,13.67939112
21,19.71467464,22.13718177,16.28777194
24,22.40586697,24.41275794,18.06481935
33,31.18771382,36.67871622,26.05624844
32,28.70581782,34.65043118,22.79180831
28,25.36044568,31.00843885,20.74568749
24,22.60943777,27.52633413,17.52134352
24,22.09218469,25.55550228,18.35700033
26,25.02919943,29.28716833,18.51415405
22,19.58561006,25.35202599,15.28372381
24,24.89453739,26.67373287,18.4780724
28,24.61648771,32.76150267,20.88742315
28,23.39711321,33.11468505,20.43786353
26,25.00642424,28.57921445,20.42065776
26,21.68494688,27.50668581,17.39313953
28,26.86947645,29.67593265,21.46373542
29,27.00209242,32.10423412,21.87628236
32,27.4003596,34.96375952,22.56837835
32,28.85101237,35.03217028,25.72219676
26,24.55521886,28.35151341,19.26327453
28,26.96616842,33.71798464,21.82651245
26,20.52801402,26.85914515,17.83013303
24,21.87431756,25.50559576,16.335146
24,20.87331387,25.40594385,16.49680795
24,21.14889359,26.88998154,16.1884986
30,27.45900823,31.61260755,21.02503118
32,26.38719192,35.51594617,22.09531338
33,32.50844438,35.86882718,23.79373116
26,23.34416799,28.70773803,18.03266518
24,22.63907919,24.31600944,16.32575343
23,21.94689377,26.35340888,18.18581301
24,20.07385235,27.19248754,17.55743712
27,26.6141899,29.01440781,18.32323336
32,28.01122683,32.94776619,21.85767457
29,28.66759709,32.15335807,21.4498134
29,26.11776459,30.66270726,19.97526756
30,25.47733681,33.72957409,21.65326369
33,28.36107483,35.58226242,23.21722032
30,26.37720515,31.78365568,20.93102272
26,24.65194387,27.92276157,18.61148785
29,26.43547476,32.14627797,19.98669599
32,28.11493498,34.41627127,22.88371264
34,31.87014129,37.96915631,24.05354213
29,26.14889555,30.77525988,20.86740959
30,27.84734938,32.32049285,22.09637074
35,31.94831366,38.12080517,25.31080711
33,32.84808781,36.0227216,26.65899098
32,31.40099905,35.0521488,23.33078965
34,30.3614319,37.24698837,22.12936612
33,28.98352486,36.91536354,21.93117978
31,28.87617146,33.53626332,21.74624797
31,28.09874796,34.75227778,23.73699918
32,29.74494439,35.47399399,21.16945592
30,29.4635509,34.65566774,22.73572029
33,28.96330873,36.06470155,22.57713485
35,29.8853912,38.36642268,24.4536381
34,32.54527951,37.41271784,23.6161476
34,30.85578424,36.15268226,22.54195668
34,31.09434078,35.52852735,23.3058272
34,30.11931353,38.22136651,24.93942119
34,31.13667051,37.17929558,22.9574083
33,31.32157231,35.27641282,23.75948982
34,30.36116216,36.22754612,22.63049522
33,28.84608147,35.71260778,22.40887099
33,29.87784051,36.62408171,24.21453896
35,31.76280032,39.6824156,25.82976892
35,32.00089314,37.78133429,24.02364075
34,30.22048726,36.47298432,23.00534562
31,30.16491395,35.23918066,21.42666317
35,32.733563,35.97442771,26.93978975
33,29.63823712,36.84713226,25.96200739
35,31.93713337,37.84762348,24.87692624
35,33.41466818,38.04803336,26.07805368
34,30.70751505,36.17396271,22.95910476
34,29.90740369,38.11979839,23.76568437
35,31.56601902,39.32690541,24.76387472
36,31.29320378,38.76308127,24.88340042
37,32.90518109,41.40469413,27.01248074
35,32.74325752,38.98786604,24.4914543
31,26.51867911,32.32332472,20.64520231
33,31.52116959,34.9680767,23.02673886
33,29.76484449,33.90764826,24.90786708
34,30.56187338,39.502936,24.91855614
35,31.83927846,37.65796266,23.32007028
34,29.8313105,36.39377632,23.83218368
34,30.81431274,35.67784214,24.83403611
36,34.04845536,39.85390531,27.0587137
35,31.73876575,39.10247712,25.62318738
37,32.70597912,40.22593943,25.18908766
37,31.34133961,40.07426008,27.18629592
35,30.61258014,37.65939434,24.16557062
37,32.97851251,41.15069408,25.37676107
35,32.08806826,37.39478176,23.5625258
35,30.18179259,37.82927907,26.31207112
37,33.48946275,39.76820879,26.13273768
38,33.74454343,43.43966693,26.04304104
38,33.56749403,41.04009263,26.29246586
38,33.47591554,41.66570908,27.19850397
39,33.95374292,43.85719303,27.64818573
41,38.12841702,44.34041478,28.59276899
41,37.25217099,44.66887974,27.77322297
40,35.33339941,44.545364,28.27921187
38,35.37109244,42.53909089,27.26010252
38,36.38437329,42.11548686,28.15836945
38,36.35903537,42.57524543,28.69249431
40,36.89252457,44.69050115,30.51566526
41,35.64596262,45.7896891,28.31878244
41,36.96599827,44.99135383,30.87893115
41,38.01149441,44.7762802,29.37839763
41,37.51374564,46.52355131,28.46824933
41,37.81951456,44.93904529,29.67842929
41,36.50851735,45.73256223,29.42073585
41,37.41307765,46.06131811,28.9291887
41,36.53547107,44.30892515,29.97487055
41,36.86198644,46.25280384,28.6586883
41,36.70830094,46.09537467,29.63442821
41,37.82009207,44.2748695,30.77152445
41,36.91987553,44.54176831,30.3962882
39,35.39617066,43.38695423,28.02366149
41,38.93555922,43.23127236,30.24380789
40,37.2151304,44.39510921,31.98257571
40,35.55592045,44.10714298,28.20062862
39,34.6460665,42.3200181,26.97839948
40,35.11772261,43.70457215,27.31200565
41,37.09822878,45.20120806,30.60107327
39,35.66760673,42.45798104,27.8673229
39,35.82268687,43.4795661,27.9305717
40,37.45358072,44.59303341,28.32589892
41,37.37642083,44.66236457,28.63753459
41,36.98585831,43.26614208,27.51754965
40,35.28774219,43.50822517,28.21467648
40,35.17418941,43.89259879,29.27972809
41,36.68916277,46.78713882,30.10556428
40,35.7412436,42.6536381,27.98270464
41,35.93940485,43.53000924,28.48014385
41,35.39928632,44.9373487,26.94897861
40,35.34702213,44.15730062,28.47388173
38,33.6542029,42.18327009,26.03330846
38,34.10105419,41.28967988,28.17068602
39,35.66699558,43.59296021,29.49713792
39,34.75840125,43.99083239,28.21233055
39,36.8720909,42.98205053,29.11332001
39,36.06496693,44.57391556,28.29575345
39,36.88231258,42.00136457,26.60115441
38,34.49445235,42.09563515,28.49771147
37,31.76238545,40.37467182,24.64347681
39,35.19386288,43.91408998,28.36727398
38,36.44348019,40.00726875,26.99425872
38,33.50400004,41.00168424,25.55887117
39,36.70166612,43.95567739,29.15773967
41,39.61447435,45.43436086,29.41704539
36,32.72612363,40.66806294,26.32036751
36,33.10051444,39.47470965,26.31230824
36,32.00506652,38.26264304,27.58618522
32,29.92902921,35.63246327,22.90062476
35,33.0126117,37.9159685,23.85773614
35,31.74849113,39.11794717,25.08673276
35,32.25986565,39.00824999,26.06260878
35,32.13560556,38.48164515,25.48867534
34,33.25834578,37.51590463,24.7875251
32,30.21079398,35.35686709,20.98532921
34,30.42938387,39.22015515,25.14630936
34,30.99876063,37.47722138,24.70799351
34,31.57452387,37.10777731,23.4377748
33,28.35463455,36.51768833,23.03517614
33,31.15602155,37.74440756,24.07529332
32,30.54122974,35.76135427,25.36479689
33,29.78041389,35.46029044,23.0221531
33,30.52822784,37.35122631,24.22325454
30,26.74317452,32.83312678,22.14977443
29,26.06887911,32.1951579,20.91421943
30,27.03313647,33.98473079,23.66232998
31,28.3561395,32.26504603,23.08783583
30,27.71035896,34.77575587,22.08077854
28,25.83464483,31.51590932,20.07721269
29,25.7156098,30.89884962,19.9412708
29,25.47657838,31.19094028,19.66547338
30,26.53384101,33.3395913,21.1952689
31,29.46805772,33.39164589,21.72271816
27,24.37753522,29.8476617,17.34936746
28,24.44277566,30.5995901,19.34438609
30,25.09867421,32.62332362,19.99126448
29,25.8573477,30.37558754,19.95236683
28,26.5309264,29.8705051,19.18504423
26,22.65677824,27.66618715,17.30517149
27,21.88048514,30.76780143,17.93621746
25,21.00157463,27.53365643,18.34781061
24,22.83097922,25.36421433,17.81990419
24,21.88703731,24.64530053,13.62354692
26,23.20895862,28.79003966,18.89023907
28,24.57510659,31.33898458,21.69900321
27,25.90797414,28.92859804,19.29974797
26,22.41324127,27.62899296,15.39266629
25,22.51832808,26.94839615,18.61545871
26,23.8638863,28.20666098,19.60811592
24,20.41936665,29.52846258,17.69624637
22,19.71289874,24.49384714,17.07139038
21,18.99049225,22.50221882,14.70811429
23,22.23540908,24.91652405,17.97746573
23,22.49284161,23.71733468,15.42993684
23,20.97094383,24.71237128,16.84499373
24,21.65441668,28.24725494,18.33171107
22,20.26977249,24.45302153,16.41123945
23,21.16554949,25.50818697,17.62157552
22,21.2608383,22.94648008,14.32856581
22,19.09099656,23.46972535,14.84921566
22,18.75241463,22.16218027,15.15595376
21,18.78743435,24.08061811,16.51811984
22,19.99743547,24.11689988,16.02839849
22,21.27150048,22.34433731,15.449731
20,17.2336268,23.00655064,13.42934746
20,17.69964239,22.36765209,15.06600488
21,18.97851676,23.45570499,13.51110326
20,20.61502156,23.54811913,16.48788805
17,15.42419218,19.31018998,14.06010629
19,17.68516713,20.61582222,11.39381897
16,15.36125625,17.84380862,13.09931926
17,15.65001238,20.39120794,12.84493522
17,14.98262409,18.74794053,11.7460168
18,17.60238119,20.51011725,14.21361441
19,18.57514951,22.11575176,13.41098078
22,19.22767537,23.92842227,16.9772881
21,18.47454126,24.73938489,13.90149331
20,17.15284913,21.02004487,13.72533943
18,18.98609653,19.79309828,15.28888636
18,16.84429689,17.40247269,10.63410486
20,19.53841776,21.82049995,15.70575789
18,16.40126889,19.1634511,13.31926278
16,14.3523249,18.56016171,11.38473687
17,13.73739822,18.90960692,11.67274473
16,14.84150935,17.9489,10.33841961
16,14.64761187,17.02721897,11.70494382
21,16.96856135,23.56041888,13.58863976
17,15.49683169,21.10903312,10.90976697
17,17.88514671,19.37054254,10.94578479
20,16.94092792,21.24578291,14.6285238
16,15.71059864,17.59538886,11.69697358
14,13.97253723,16.03799485,11.51076184
15,13.02091633,16.82155519,10.40778443
18,15.8627234,20.33782184,12.30666564
18,16.45120471,19.83870407,12.96838279
18,16.01272609,18.42974639,13.45144027
17,16.51729356,18.44787749,13.2852685
17,14.79393598,18.99662267,11.40119192
18,15.2016681,18.03275163,10.63074676
18,17.38159646,19.05670961,10.70381865
17,16.79665767,19.17949681,13.50451413
17,15.04979461,17.12002371,12.86634046
15,14.36271519,15.90626324,10.22518296
19,16.82213905,21.85356936,12.68161091
17,15.2375285,18.54071871,11.72183816
20,19.14601747,19.77998834,14.35867604
19,14.9990786,21.92858108,12.71472088
19,18.58210777,21.70824306,13.33275453
15,15.16913329,15.28849789,11.07429988
15,14.5900956,16.03936326,10.53409153
15,14.43697097,17.28236108,11.64529467
19,17.85234564,22.96589207,13.31785313
16,14.22547234,18.4151461,11.40886794
18,17.14844102,18.96159744,12.21029911
20,19.27322202,22.97494647,14.44190535
18,17.49739896,20.90530685,15.13756911
17,15.24640838,18.18607436,11.72921505
16,13.80929301,18.82566689,13.5442709
16,13.53305533,18.58692711,11.12490136
13,12.89198481,14.0510583,9.553128453
15,14.36220819,16.46862676,11.30340977
15,14.64110002,16.68436908,11.48287523
14,13.28681794,15.98789645,9.844917461
16,14.92053798,15.93937458,10.5988064
15,15.05495413,16.36961599,11.1255635
14,11.82375943,14.81126499,11.86807354
14,12.60742589,15.39708467,10.72366525
14,14.62243563,14.0959407,11.22071852
15,13.7330682,16.06259782,9.489224261
14,13.20877607,14.27771175,11.00246327
15,13.23935887,15.66271178,10.36229054
15,12.60559495,15.11916586,10.87761477
14,11.54897694,15.11165867,10.40627902
15,13.68907701,16.97816577,10.43643025
17,15.83761623,17.39887059,11.47272553
19,17.49621112,21.84237017,13.6410357
15,13.52921439,15.35247502,10.28858444
15,13.20442806,15.5892628,10.84642978
17,14.10602833,19.1962306,12.31459627
19,18.09004126,21.72972853,12.44399906
21,18.19965754,21.80560914,15.3819827
23,20.46109388,24.80264055,14.34681786
24,21.26051949,28.30420079,16.94972659
19,18.9998484,22.30210846,15.50628091
16,16.34192296,17.0974855,12.2784324
19,17.12879982,20.4728533,13.55763692
16,12.86030067,17.74864654,13.9234031
19,16.59937142,21.6599293,14.08373984
20,19.24062672,20.40368547,13.18058797
24,20.33704386,27.16092899,16.74921621
24,20.46585611,25.71119264,16.59070704
21,20.46838158,23.24104444,16.40404876
17,15.67905707,19.65691223,13.48016223
19,14.95287817,20.75483622,12.26710348
20,19.89380566,21.95043919,13.97841886
19,17.79802968,19.57872325,13.57695619
17,16.80558793,18.15438902,13.19601554
19,17.50393765,21.2701314,14.52744175
21,17.74096889,23.180699,14.98209825
20,18.45888027,22.02888306,15.15733696
20,18.93589068,22.1932117,15.42717816
21,17.73715632,23.70088268,14.89773434
21,19.16921936,21.18563227,14.54041296
22,20.1638607,25.95896667,17.5748184
24,20.96616778,27.34538846,17.36522423
20,19.57520125,20.85997617,13.28278803
20,19.12252463,22.44377296,14.40524896
21,18.58020555,21.98580802,12.52298899
20,17.8903701,21.71657524,15.98133353
19,17.48090229,21.27200257,14.47835031
19,17.23328466,20.15489115,13.83109714
23,19.64473735,25.59703189,15.67343553
24,22.30564404,27.11075262,16.34631073
25,23.3506369,27.97834575,19.45519831
25,23.08027783,27.61937179,16.55654261
20,17.15357572,22.31597972,13.38747853
19,18.25579137,23.11367972,16.02202286
18,17.33958279,19.45187495,12.89940851
21,18.29858965,21.25957275,13.87607154
22,20.21549031,22.40157485,14.33526371
22,19.2812288,22.85193839,14.8671786
22,18.5498934,25.25464269,14.24677432
23,18.62498763,25.60147025,15.56528067
24,22.8548028,27.75361483,17.66678743
21,20.19430024,22.86179809,16.35407768
20,17.04049102,22.10628448,14.8959609
22,21.88230522,23.97552857,15.66151597
24,21.849672,25.48901063,15.37913948
25,23.1665806,26.81177113,16.37958308
22,19.52044021,25.07346931,16.30663064
23,20.68897091,26.70536744,17.08095416
24,24.00193198,25.7223122,17.2799567
23,20.82169441,26.37542399,15.82613391
25,20.97479389,25.48738852,15.23886276
27,23.33620255,30.23418188,19.69533365
27,22.29811951,28.96509124,17.77355417
27,22.81902861,29.17388986,18.04883803
25,22.64069434,29.05468732,18.1587553
26,25.2137166,27.02643871,19.18537816
24,23.36022247,23.75309065,16.26284709
27,24.57746285,31.2214756,20.71167782
29,23.86085144,34.0544199,21.04161476
27,25.14479321,30.95764405,21.39146836
27,22.42079382,29.40036995,18.48570643
27,24.29164059,27.85734639,17.54896754
27,24.81855984,28.98441692,19.41786397
26,22.99301256,29.11370873,17.79296215
27,25.5421339,29.56030879,20.69325004
27,24.56259341,28.7241648,19.99972009
27,23.48831824,30.47966531,19.76213014
27,24.42989814,29.13022291,18.54453099
28,25.7565018,30.52835622,20.65497376
28,26.06244341,30.41589631,20.52286593
23,20.58843637,25.13502149,16.32733482
27,24.1965961,28.44456926,19.78848961
25,21.7474995,27.27957665,16.69951261
28,24.50114825,30.77026095,20.08038984
28,26.44204918,31.08129017,20.36866411
28,23.70583345,29.39242208,17.8316198
27,24.02216581,30.45883707,17.52636475
27,23.85022172,28.20401842,18.15289626
28,26.02618804,29.98231605,20.41924132
29,25.82046367,31.23077252,18.14399431
30,26.38059959,34.00053304,20.98413055
28,27.06066771,30.2666074,20.50841576
28,26.81460842,29.73369123,17.89739941
27,23.67575517,29.65723432,17.27643557
27,22.52078213,29.83334726,18.0696859
27,24.39620776,28.92202621,18.88436281
28,24.32978851,32.47687912,22.53868732
27,25.7000308,28.38261414,19.07551151
27,24.087246,28.48958016,18.62986674
29,27.10194811,30.65656503,20.19535992
29,25.79392521,30.43323698,20.3844487
30,27.13950752,33.07183257,21.59685921
30,26.19355156,34.54813207,21.62479084
28,27.90272448,30.98191722,18.95136988
30,26.85228154,35.44972949,23.20930911
28,24.93857685,29.6782923,19.88562552
30,26.91539594,32.80913929,21.03670675
30,25.93232437,32.67046677,22.08274268
30,25.83176947,32.50089612,21.02366115
30,27.86169933,34.05182967,22.72584337
30,26.45916885,32.22709512,20.88964733
31,27.21804795,32.89392209,20.47430903
33,28.77483632,35.85883022,22.28039805
33,30.57777698,36.05881058,22.92345056
32,28.37464764,35.55979691,22.3239934
30,28.55239825,31.78625362,20.22445259
30,29.2941572,32.82882739,20.63511133
30,27.38963188,33.51947622,21.67008919
30,27.74525284,32.46898797,21.37621082
32,27.86286882,36.34723034,22.61443127
33,29.6627347,35.77580401,23.20507421
33,30.27864032,36.29383722,24.5369516
33,29.88448445,34.86133726,22.60003603
33,29.46011532,34.75902658,22.24287413
33,31.20101613,36.34392324,24.47692034
33,29.5618224,34.97722993,22.56327506
33,28.30677209,36.60929273,22.12034102
33,29.00501685,36.58232984,22.6855493
33,30.30286149,36.46291997,24.49436693
33,29.86850888,35.87445462,24.01169656
33,30.35428504,37.83450521,24.67164569
31,28.38886511,34.28687606,21.08596423
33,28.8708158,37.60749066,24.73109613
32,30.31682357,36.09685056,25.84078708
32,27.38246273,35.97359566,23.77692574
31,27.10787151,34.59297878,22.17262393
32,27.9759671,34.94691938,21.54242449
33,30.59730749,34.84960933,22.97777631
33,28.67081238,36.84883973,22.37959949
31,28.65183978,33.76615015,22.90419149
31,25.86371564,32.72661633,20.95032353
33,28.93484134,37.45262261,22.09527452
33,30.1000688,37.13445755,24.97350679
32,29.10904691,34.77640876,23.98946632
32,28.9763805,33.52112298,21.01752569
33,27.6959258,36.66226578,21.99141122
32,29.76651353,33.78619415,22.08681465
33,30.76247524,35.58684327,24.54285738
32,30.63878214,35.71964864,25.60343044
32,29.22798027,34.42844784,22.93194904
30,27.88311708,33.05873562,22.08818147
30,27.4266736,33.84215789,21.12673996
31,28.29627123,33.71876403,22.86740606
32,28.03529062,35.36782222,22.36404002
31,26.70596458,35.59496669,21.0945086
31,27.66636327,35.95195501,21.48153317
31,26.94784376,34.28309771,22.01364569
30,28.34233919,33.02600486,22.86210915
30,28.50534672,35.01009897,20.66488836
31,29.2161058,35.46715563,22.19764909
30,28.64631594,33.75440357,22.62631585
30,26.02692118,34.30195113,21.75414518
31,27.91385722,34.9136073,22.64033997
33,28.65941306,35.79684511,22.86097254
29,25.7561344,32.33501217,19.73307079
29,25.39454952,32.73883283,21.04532229
29,24.72930075,30.78067482,19.87639945
29,27.26026686,31.86551492,21.48223898
28,24.86344277,30.07243563,17.77716865
28,25.19677777,30.47239115,19.84796652
28,24.08202445,31.45845962,19.55614389
28,23.74881593,30.16466901,21.08900975
27,24.11754567,29.34372637,18.05329476
27,24.39437269,30.37361663,19.81973999
27,23.18733051,29.00408141,17.05452554
27,24.53948524,28.59824207,18.05701057
27,25.20392455,30.01250811,18.3496044
27,24.523374,30.0832949,19.55354835
27,23.78046035,28.9088826,16.84848794
26,23.50103679,27.70438317,17.37043522
27,25.11176611,28.33813759,20.12697535
27,24.34168085,30.95950308,21.20766136
26,22.67534765,28.9206109,18.48251778
24,20.93223599,26.61745432,17.77474382
24,22.74904913,25.82636998,15.76125096
25,23.21056938,27.57122605,20.62580475
26,24.39653963,28.03440628,18.67198124
24,21.75247594,28.2648954,17.90726124
24,22.10021896,26.12583346,16.57021951
24,20.15133379,25.77880056,16.34709337
24,20.91422817,24.19903471,15.98967444
22,18.24251423,23.79002266,15.96422169
22,20.09472076,24.29329144,15.02093775
22,18.87169253,24.84813312,14.56141942
23,21.33110881,24.11267712,16.40029808
24,20.95892921,26.10439247,16.85767981
23,20.12443107,25.61067163,15.47519703
21,18.89845804,22.70900137,12.79123937
22,20.24531628,23.52380543,15.48328569
21,19.59334247,26.26504354,17.98538466
20,18.70297576,22.59405202,15.04124522
20,19.16545554,21.43154085,14.83302119
21,19.32947067,24.39508195,18.31821769
23,20.25640417,24.58475996,16.47569287
23,21.31311985,26.77004969,16.99207452
22,21.03832552,25.90676352,16.08658488
22,19.60374257,22.43801503,14.01193668
22,19.89073175,24.08065955,18.95483789
22,20.75794014,24.10291257,16.93942915
17,15.94727352,19.67759725,13.433609
20,18.9199549,22.83355537,15.09011429
20,19.86559925,21.12785772,15.6125538
20,16.93695933,23.73874456,14.29724326
21,21.43973212,21.88635657,16.04802542
19,17.8395494,20.51207878,14.53506045
20,16.45434759,21.30321984,13.22514469
20,18.30430002,22.89502443,15.43611284
18,16.85161201,20.04011988,12.30423801
18,16.4520375,21.07291122,13.77452442
17,14.36803347,20.93906033,12.09066274
17,16.77535462,18.69539713,12.81135273
18,16.19349712,19.70765486,11.37781463
17,15.60152035,19.34377298,14.53215482
15,13.3989263,14.20005733,8.474467351
17,15.17610836,18.65381595,9.886902596
17,15.22035486,18.04908992,12.2606269
16,14.86125186,17.12170626,10.12881609
14,13.21129586,15.4793991,10.37864696
16,12.73598672,19.31483191,12.79762311
14,14.04759636,14.87337084,11.72959935
15,12.38028992,18.13586734,10.45820566
14,13.45288204,16.47380295,9.192132001
15,15.01659723,15.89623753,10.79458064
16,13.59679526,19.20388527,11.28928386
19,16.4473806,21.47485077,13.68576588
19,14.98476765,20.75987226,11.80120025
17,16.33526099,19.27565405,11.10024281
14,12.84438753,15.49441646,8.961135078
15,14.89465108,16.83335737,10.75426681
15,14.36671759,15.87415148,13.28689735
15,12.25055685,17.52491551,8.874330565
14,12.23741951,15.36146291,10.11337803
13,11.79415517,13.69511981,9.827981907
12,10.02597193,12.65305388,9.955245936
13,13.00333904,14.65203822,11.5044321
17,16.67983569,18.51570922,11.68927565
17,15.99014934,17.31623816,12.70054502
14,12.75279599,17.09494592,9.982416172
14,12.58220455,15.62392764,10.17153599
13,10.19314317,11.64688234,6.332467624
12,11.6117694,12.81699855,9.422657272
13,11.66367902,13.68701368,9.800286834
15,14.45323909,15.50740585,9.871167873
15,14.35286495,16.91020918,11.66455639
14,11.52970203,15.31826006,9.234076138
14,11.84039878,15.21856289,7.996320016
14,12.24133734,18.33328807,11.52010276
15,13.05646329,16.81673249,11.84602899
15,13.72232008,16.50024484,9.701435447
14,12.28163254,16.07360224,8.182707157
14,13.59571496,15.19495152,10.80415224
14,12.38289537,15.93380613,10.28165909
14,11.43245436,14.38474011,8.814762811
14,12.14662867,15.49716029,10.28789821
17,13.60144641,18.29010012,11.14369614
16,15.02724745,19.80039785,14.2667967
16,16.0143046,17.7444184,12.67805268
15,13.61516662,16.23809246,12.85620689
13,11.13888585,14.20604072,8.787151648
13,12.03918141,14.3182689,10.55766633
17,15.52677123,18.12004577,12.78837139
18,17.34651101,20.14084371,12.6656748
20,17.99061117,22.00067426,15.73492794
23,19.97164008,23.49444344,15.54984896
20,16.49826996,20.47340989,13.18488694
18,17.28557198,20.19102572,12.29947469
17,15.47569575,18.67760178,12.96121462
18,14.46141449,18.14669568,11.11615803
12,8.846012888,12.77937242,6.765703957
13,13.28347274,14.81014382,8.582903364
16,15.21050241,15.80631801,9.756594881
14,14.01491527,15.36360696,9.23545852
17,15.61185249,19.05807053,12.41496333
18,16.47123283,19.88754953,12.61563141
13,10.70431867,14.52299139,7.36802333
13,11.42240821,14.03772028,11.09234158
16,12.21353049,15.93496476,9.997196045
16,13.20228326,16.43515637,10.65418069
14,11.83086853,15.89584271,10.8262123
16,14.9423973,17.50174583,12.43546632
14,11.92417437,16.09033566,11.0203138
13,11.82141885,13.89007533,8.710578861
16,14.20585519,18.4873153,11.33044577
21,19.10638458,23.06172764,16.34394475
22,20.52013673,22.8078464,15.9754603
16,13.15908866,17.44260885,11.40466709
16,15.69169934,17.37288641,12.23556515
17,15.98479888,19.17617211,12.72814703
19,18.13689535,23.0088138,15.39174813
21,18.70599046,24.35047008,17.02565513
28,25.49068214,30.23109412,20.56368566
29,27.28012142,31.32565932,21.54623013
18,17.87270181,18.03835187,12.32857393
21,19.56456526,23.6801279,17.46339661
24,22.49405886,26.86062419,16.296086
17,16.9573623,18.49668159,11.9152734
18,16.23032048,19.78675442,11.49949954
21,19.27326534,23.4963038,14.2418994
23,20.25223005,26.52979362,16.48148625
25,22.76737394,26.71078229,19.04830228
19,17.48024071,18.49243432,12.67930203
21,19.65173769,22.88082192,16.3948879
22,20.6054558,24.12235661,16.13798616
23,20.72001041,25.95851783,16.65599995
21,19.42199568,21.97654366,15.51703652
19,17.17149886,21.28797573,13.56788818
22,21.62801627,23.90216571,17.82811642
25,22.08639176,26.78062497,17.37542185
23,18.67110236,24.73111102,14.0021547
23,20.63197418,24.19681269,16.65787567
25,23.76743549,26.18670599,18.15208459
24,21.04532891,25.374842,16.44912515
27,25.52599279,29.0805784,17.61011372
29,25.71851907,30.59192244,18.86126954
23,20.12186903,27.22209414,15.65846781
23,20.25955366,23.19867505,16.39810852
25,23.20974824,29.56568538,18.9812109
21,18.78486218,21.52705995,13.77801189
21,18.14633274,22.98758999,15.10284903
22,21.32962069,24.25204029,14.31786187
28,24.29079986,30.68150553,19.0168121
29,25.345548,30.86186791,22.05483524
31,28.11533128,36.00425636,22.56615164
31,28.38464439,35.09587105,23.99342226
23,20.81458675,26.33966304,16.84502215
21,20.06063255,23.54637568,14.63958881
20,19.1370361,23.1987328,13.60537507
27,24.88583761,28.42994544,18.83988775
29,25.56168579,33.64777693,22.16231304
27,23.92967626,28.58649323,17.70426283
27,26.15742667,29.51604419,20.34293712
28,26.65676943,30.26779843,19.33677577
30,27.533226,33.50809586,19.91260223
28,24.18204116,31.33855286,19.63414575
23,20.70386278,25.64794429,15.07382005
25,22.25148776,27.21322636,18.72655637
27,24.50084656,30.29455371,21.07670484
29,26.82237694,32.78908839,21.34006075
31,26.64993908,34.60386524,21.81615571
28,24.9690968,30.2492155,17.64249469
32,29.39371579,36.83454185,21.50690094
29,25.31055661,33.24698563,20.82421146
32,28.33110786,37.06314365,23.32488578
34,30.41253482,37.81972442,24.58355077
35,31.00688828,36.67209103,25.31649658
34,30.67904583,38.61022941,24.68157941
32,29.4445486,33.22383806,22.8468279
33,30.61576267,36.84780079,23.03898278
34,30.79645496,36.5900754,25.17740187
36,31.60513148,40.46215368,24.36674047
38,34.84955813,42.50580033,25.90294045
35,32.88082886,37.22543806,26.18680798
35,32.35563672,38.54710566,25.32198452
35,32.41790559,37.68379973,25.08062924
35,32.9391413,38.24026754,25.32071891
33,30.12160354,37.25972837,25.98367871
34,31.5921695,38.29239176,24.68196109
35,32.480583,38.0023844,25.61193708
34,30.10540155,38.25534492,25.10898825
34,31.07837245,35.57746639,22.72603328
36,32.57844235,38.7847401,25.45121861
36,33.20673436,39.63115628,25.54116678
36,31.53357637,39.6897353,24.78727129
35,32.0235973,38.65769775,24.56159048
32,30.68417201,34.07889736,22.55551818
36,33.49300585,38.83658459,25.84155696
36,32.63351096,39.78026638,25.64714424
35,29.76115601,38.20431742,24.14557067
35,32.48877497,39.80230692,26.34902982
36,33.01318073,40.30120661,24.38888897
35,32.19425868,38.13512959,25.30633092
38,35.31472632,42.30583264,26.81967207
39,36.31650756,42.19587071,25.84546657
36,34.58302016,40.11236214,28.53257301
32,30.71723638,35.02554643,24.70411261
34,31.8784095,37.78087164,24.50632227
34,31.13912372,38.09925374,24.00735735
36,32.50415243,39.56901114,25.57443119
36,33.75275996,39.33725433,25.35580374
35,32.5863786,36.86087321,24.53946007
35,31.67732447,39.82300106,24.03581956
38,34.31193502,41.85049224,26.6288838
36,33.57142029,38.42320031,25.5592272
36,34.30935028,38.97283065,27.88804142
39,34.99201787,42.8578621,27.8123223
36,32.96200183,38.51690962,23.68542763
39,36.88580596,43.51915147,28.93507685
36,33.53541559,37.71704262,27.54525219
36,32.29417249,40.84872306,26.86213247
40,35.08384999,46.07313084,28.26335806
40,35.66008733,44.03843435,27.96461703
40,36.86803348,43.30086854,27.01809406
41,38.15229597,43.74635674,30.25258972
43,38.79065961,48.54077565,30.10926874
43,40.07555382,45.97102814,30.60415029
43,40.09956648,47.51481656,31.36278005
43,39.6608123,46.7844098,30.95236407
42,39.08744334,45.55137595,28.24391204
40,35.8098348,44.01074111,29.58618925
40,36.46992736,42.78367244,27.70910182
40,34.72595835,44.22734684,27.50036608
43,38.5538743,48.38104692,30.23622358
44,41.2964207,47.52956159,31.91409481
44,40.4830332,48.18434697,31.01035619
44,40.57861612,47.86383135,30.55414506
44,41.55294346,48.10089146,32.0100038
44,39.38613052,46.38663288,30.84266946
43,39.97248926,47.88574396,31.78278678
44,38.91502157,47.25686625,31.66904727
43,38.05514472,47.11890119,30.08853894
43,40.78835592,47.77255972,32.1257775
43,39.27075014,46.35499298,31.35429721
43,39.41721168,47.86003402,31.91769627
42,39.08574729,47.40071739,31.22124202
41,37.17063116,46.60339034,32.76277656
45,41.64266633,48.67767179,30.55436754
42,38.60858646,47.05712018,30.34074473
42,38.76870766,44.18333351,28.62084637
42,38.31212644,45.30828628,30.87374603
43,37.90825784,47.55101399,29.72235141
44,38.90584529,48.13511162,31.54378378
41,38.5151298,43.08937346,28.47952491
42,37.60019497,45.34532783,31.2520503
43,39.91432067,47.43043806,31.73611823
43,38.8429183,47.96729466,30.77334924
42,37.37018533,48.21295632,31.23834408
42,38.46118573,43.93690804,27.92369727
43,39.67184692,46.88404378,30.32695521
42,37.83117592,44.98473554,31.39694916
42,36.94129321,46.37421586,29.76907121
43,40.72677504,49.19670016,31.42063723
42,39.29921145,45.41633291,30.6396375
40,38.25561943,43.4758925,28.98662263
40,36.60350895,43.73497879,28.87349339
41,38.2230058,44.85352921,29.97501467
42,38.50550863,45.02910297,30.32067358
41,39.24175919,44.37585139,30.24855591
41,38.6585628,46.06974273,30.48230139
41,37.70166647,46.67443068,30.75355527
40,33.77900349,43.67575479,26.05318936
39,34.39369633,42.5244817,27.53716576
41,38.06587538,43.88574226,29.92525395
40,36.6633455,42.02837869,28.41864421
41,36.59860568,45.01539447,28.9636852
43,38.97991806,47.61683576,30.6280042
38,35.23172412,42.13578943,28.19985345
40,37.74983814,44.45075011,28.43985852
38,35.12068201,42.70585419,28.52027551
38,35.4831632,42.70349381,27.47579275
33,29.21146391,36.39409326,22.95167649
36,33.99812183,40.17430647,27.60435224
36,33.12039194,40.74302071,27.24536452
36,32.21191009,39.64918595,24.94022365
36,33.28293375,38.27668026,25.64603888
35,31.61716742,37.53938051,24.95603127
33,28.61371081,37.38542024,24.29555251
34,30.09371807,37.71739056,22.36294027
35,30.12956568,37.45834403,24.80170492
35,32.59424859,38.98644095,25.14732658
34,30.61009859,36.89442427,24.34416277
33,30.6787328,36.07587456,24.28955523
33,30.85036872,36.3894512,22.83674979
34,30.98829834,37.0919616,25.3044773
34,29.76268082,36.20089552,22.92991352
33,30.60409463,37.55010353,23.6539879
31,28.60088771,33.78876595,22.87281843
31,29.39196268,34.59957579,24.3026947
35,30.18607115,38.19942263,25.23556326
37,33.79100815,40.86750026,27.64886204
32,28.18594407,34.4069102,20.60514022
33,29.15339932,37.16010989,22.56939321
33,29.6580641,36.30992287,23.53654678
34,30.92060253,36.95648022,24.9345935
35,32.28242405,38.75277403,23.36860441
30,27.27198522,33.6142705,21.56994493
30,30.22211327,33.98726425,21.81196104
34,31.25976319,38.3737573,23.60884951
33,31.27586148,35.99608078,23.98727453
32,29.76837143,35.502802,22.08665206
29,24.67243765,32.56478897,19.55899085
30,27.30526837,32.15821342,19.88441055
26,23.8010853,28.54495333,18.97437192
26,23.16971654,28.75292964,18.49308419
29,26.48767722,32.45253239,20.85708077
32,28.10002156,33.83683272,20.11450476
30,26.76661135,31.39799318,19.08473752
30,27.92744788,33.90918584,21.4861335
29,26.66740297,31.67849151,20.21875567
28,26.01744354,29.06896568,20.06584693
28,26.37039159,29.81918959,19.73923997
26,24.09962931,28.48808536,17.17184967
24,21.6695753,26.94445104,18.64249708
21,18.84278591,22.23913507,13.36738553
25,21.99467337,28.36284269,17.32634708
25,22.13660111,28.0807446,17.57703623
25,23.83841577,28.28228841,17.27990347
26,23.24979391,28.21782231,18.04733322
24,22.69587046,24.95451372,16.56330862
25,21.6301715,26.52116925,16.19266274
23,21.4718494,24.79411923,17.77888897
24,21.01883438,27.41363954,17.23727781
21,19.63157645,21.45152124,14.15624129
22,19.54966763,24.45971867,15.55137294
25,23.87714495,28.11669656,16.53508126
22,20.35318728,24.90305847,17.07223108
19,17.89181573,22.61304488,15.40496855
22,20.16602296,24.52674665,14.91558651
24,21.47833712,27.36141933,18.92182546
21,17.94862757,23.25143461,14.22350834
22,17.75278004,24.30457549,15.38411835
18,16.5621702,19.69102909,13.9449989
16,16.22481804,18.11010646,12.85505053
18,17.55548464,18.58275877,13.5319326
19,17.77131037,19.46755007,12.41343087
19,17.56445483,22.88711893,15.95938644
20,19.30872102,21.33429492,14.40397059
25,21.99330513,25.08682665,18.22833577
24,22.32277315,26.98545635,18.00191807
22,20.05442362,25.52908611,16.40422134
19,16.85246138,22.2211472,13.12974413
19,16.65274814,20.47963625,14.00532624
22,20.83322837,25.69605232,17.05926681
19,19.09862828,20.75969037,15.6415673
16,14.56937349,17.41236428,10.2966996
16,14.83385491,17.47272573,11.41677009
15,13.6663862,17.07532119,10.61303044
16,15.55013258,16.51119233,11.88064537
24,21.05200464,26.84241753,18.37345432
24,22.18901628,26.3793753,18.78378186
18,15.42179263,18.83195724,12.88188981
22,20.15341977,23.9411869,15.79596824
16,13.8663863,17.18503113,11.04500682
13,11.88027757,13.31407069,8.303542225
15,12.58431631,17.46442486,11.11006789
16,13.48065666,16.17458286,9.995789366
19,15.54156462,20.9749131,12.25177712
18,16.84533574,19.08495998,12.90195459
18,15.98659429,19.6649311,12.48187176
18,16.75401368,19.68184811,12.73962464
19,17.84057173,20.75545784,12.97920899
19,16.36570724,20.57554556,13.00021509
18,17.33548422,20.74549206,14.66238009
18,15.85860653,20.9621863,14.09427889
15,12.62873789,16.16198938,10.35023634
18,16.89377971,19.60812117,13.2309567
21,18.01892631,23.4885506,14.0377975
18,15.52492463,20.25904181,13.20630463
21,20.22689185,24.11634484,15.99529817
21,17.11709221,24.44814287,15.97759863
19,15.0416393,23.93648415,13.73815691
15,14.07909054,17.20746982,10.08321311
15,14.26670741,17.85943793,11.72667536
19,19.12298873,19.86906264,13.14553312
21,17.8817218,22.66666691,13.23174638
24,21.01483603,27.05394154,16.20990982
19,17.9889129,19.1881338,11.19814139
24,21.67807856,26.32989946,18.68847165
22,19.08457108,25.22203201,15.61726791
19,16.90421391,21.53688297,14.19108493
21,17.64142299,23.38017242,13.73468342
13,11.59134593,13.57964195,10.45492949
15,14.78458975,15.16943093,10.30084038
18,15.91316835,18.60864954,10.46572987
16,16.72375014,18.03746805,11.1418401
19,16.68050372,22.54218722,14.52569093
18,16.45155688,20.09776597,14.28869815
15,12.04887964,15.46894302,10.4495664
15,12.86828385,16.16685443,10.73609322
18,16.12363257,21.63729784,12.48861143
18,17.63302913,21.14282736,14.4188716
16,13.94266717,17.60211662,9.764921069
18,15.30901688,20.30320308,13.42706674
16,13.37048713,19.20765808,12.27609321
15,13.92678467,17.94823319,11.04111343
18,15.36827896,19.99477429,12.54133612
22,19.96596764,23.71968096,15.4869207
27,24.40199318,30.30027526,17.84527664
18,15.91248507,19.25771457,13.25966834
18,15.9586679,19.81749178,12.90402744
19,16.86545575,19.86566073,12.62892995
22,20.45072003,23.5323877,16.75056256
25,23.12699516,26.51346416,17.20505137
30,25.73429034,32.57216242,20.78118415
20,17.32811786,22.26883869,12.64836187
21,21.05429808,23.1102104,14.52179532
25,21.45314755,27.37103475,16.39645868
30,26.17800367,33.81352591,22.06430803
19,16.62434245,19.80486208,13.76897241
21,17.24473575,23.89944934,16.17454171
25,21.77010088,26.55775375,17.39169787
28,23.65246942,29.98751059,19.16870814
25,23.14082646,25.50363805,14.35841947
31,27.01738952,33.25934014,21.18091723
22,19.6168223,24.1016017,16.08428496
27,23.21932392,30.04150688,17.45663476
28,26.81729398,31.23177661,21.49572236
22,19.17431808,24.98452191,16.42048639
27,24.1757869,30.69570458,18.49594534
31,26.57330969,34.66236028,21.72731128
31,29.69909149,34.37643446,22.56265703
28,25.21410428,29.42005492,18.06669662
28,26.14449697,31.81234324,21.07166486
30,26.49746436,33.76320126,21.223679
30,25.55084552,34.06422717,20.90369486
33,32.31301153,34.9378852,22.5030834
32,29.64148777,35.98626564,23.58151352
25,23.59531372,28.13692989,19.56912591
32,27.08663053,36.22346787,21.62535051
28,25.0618914,29.91600085,20.52480502
25,22.32193533,27.20880914,16.90945019
23,21.1536216,25.00637223,16.42202033
30,25.16690447,33.59681981,22.72763138
30,28.07047122,32.17700708,23.14116912
32,28.20870514,35.15243217,22.96870818
37,33.96462672,41.62571585,25.47955028
36,33.98053388,39.04110204,25.62299507
27,23.94057637,29.18323793,18.33040641
22,20.79119372,24.77425092,16.64923242
25,22.5176503,27.10634854,18.17071649
30,26.85810043,33.13151586,21.21826472
33,29.91204415,36.55716832,24.30360954
31,27.61446302,32.95738664,21.26712831
31,26.95998573,33.45659793,23.25272335
32,29.78702481,36.44982609,23.65405679
32,29.44987101,34.3983806,23.33742183
28,26.97778087,29.98892643,19.34829706
27,26.46050472,28.99674064,19.26614236
33,30.11984894,37.44043536,24.27125061
31,28.36726549,33.15534469,21.4038951
33,29.51110555,37.84077282,23.77643149
31,26.85381444,32.93510448,20.5261538
32,28.67804993,36.06559309,21.84182413
38,34.07863456,41.58780413,27.63467627
35,32.1691617,39.55298705,26.91314264
33,29.59723376,37.26337612,23.3452961
42,39.56758308,45.97368017,31.91783348
40,36.44690248,44.00803029,27.96315082
38,35.41656347,42.57571917,28.48390023
38,34.46515164,40.89086326,26.81860064
39,35.60949362,43.85048599,28.98906067
36,33.3674751,38.88078694,25.82332111
40,36.31201381,42.93745068,27.4418666
43,36.98749186,46.13786041,28.57102988
42,38.51568266,46.04151354,28.56118558
42,37.48928037,47.7264501,29.83398711
42,39.59016953,47.62465846,30.1605064
42,37.83837821,45.71476572,31.20070961
39,37.10619463,44.80400488,29.32282478
40,36.14056925,43.40388652,27.62200513
42,35.86029286,46.83411595,29.33700047
40,35.08754879,42.18430363,27.69347069
40,35.7474202,44.79247277,28.9860249
43,38.22993403,46.67240563,29.63133097
43,39.13217067,47.37763733,31.61815773
42,38.84461277,47.45507905,31.13328718
38,32.97096944,41.75631978,26.63317511
43,38.91111848,47.27646036,30.16190904
40,37.47151782,44.31133921,29.34439982
43,37.87110148,47.31180654,28.36842544
39,34.26040335,42.71038203,27.40735062
38,34.17311929,41.29690534,25.92426595
39,36.62764341,42.48804216,28.0978096
38,33.45282058,40.81793941,24.47097695
41,36.0488053,46.10914708,28.11815198
39,36.30287889,44.11156737,29.06137001
39,34.62457549,43.27799449,27.44398525
34,32.28414222,38.24094779,27.71326166
36,32.18296756,40.64945251,27.45909507
36,31.82673675,40.83918135,24.16958588
38,33.68973713,42.29873951,27.30862988
39,33.60827237,45.06146429,26.88657606
38,35.97752443,42.9771701,28.72443595
40,36.26668324,44.15738866,30.15506095
40,36.18697658,45.13815538,29.24382669
39,35.7983937,43.71524286,27.01480553
41,36.54589435,44.09833153,27.41416752
39,34.54616875,42.41436728,28.62448017
41,37.85789203,44.96627583,28.43875946
41,37.20929213,44.86407532,27.63546651
39,36.08592701,42.64789617,26.60745692
39,34.9032325,44.23975052,27.87253086
41,38.88081335,46.28953659,30.64870757
42,37.80589573,46.75069826,30.34226801
42,39.15402149,46.56750135,30.2317307
42,39.3790035,45.42710282,29.43376805
44,39.66477102,48.85328829,31.26368256
46,42.23316257,52.59402067,33.48625265
46,41.7518835,49.9253588,32.71862023
46,41.04232736,51.87127866,34.48714229
42,38.67393678,46.38064127,29.98340922
42,36.96768135,47.03883565,30.81946557
42,39.59334846,47.16058807,30.6843385
45,39.11156869,49.41425243,33.39425864
46,41.49539462,51.30166861,31.74455993
47,43.25532809,51.83776283,34.08460697
47,42.13562792,52.66119509,31.63010238
47,45.42663585,51.35325226,34.3489664
47,42.14364959,52.11317828,33.47884993
47,42.61619408,51.68979144,34.22676408
46,41.13317115,51.96836986,32.91354001
46,42.56914621,49.00937989,32.96030989
47,43.22030693,52.26756278,34.21553147
46,40.90843959,51.28129055,32.04323756
46,41.56957104,49.65902418,31.54842498
46,42.0453593,50.49606032,32.02580051
45,40.58929196,48.64948302,31.0340383
46,42.31073676,51.8888498,32.90321413
45,40.95071036,50.46654362,31.95105348
45,41.16157053,50.5883009,32.08703826
44,39.61073006,48.00077357,31.26538587
45,39.98499505,50.33046264,32.01433561
47,42.17294431,51.55129322,32.71334965
44,40.58730897,47.92921678,32.16901502
44,39.72523917,49.54995024,31.30544506
45,41.86869329,51.1879648,33.04016551
46,42.16390771,51.50961869,31.41504212
46,42.41680891,51.67738807,34.80737311
46,42.28411474,52.61051615,33.73373991
45,41.052088,49.55823322,31.82563733
46,41.35832671,50.06163112,32.84621003
45,42.11654296,49.87504078,34.28080231
46,39.27104898,50.26715827,31.37139778
45,39.91032642,50.73222169,32.02783154
45,40.87683119,49.89033366,32.40075787
42,37.43098887,47.48194021,31.08840682
42,38.48280669,46.40301616,29.63118379
44,39.59424658,47.99724055,31.63300344
45,41.27228229,48.96532054,33.39263736
44,39.7116833,48.13237172,31.45911226
44,39.36867607,47.94125639,32.04420833
44,38.05702128,47.84319491,31.74642993
42,37.79287003,47.14188394,31.63829965
41,38.66277895,45.46319621,28.47245232
44,42.10522999,48.08442991,32.36689333
42,36.81873515,46.43889507,30.5964462
42,38.08968894,45.14035359,27.4536578
44,39.34407059,48.31269466,31.66660118
40,36.62610509,44.85931837,29.37390057
42,39.58529388,47.05480034,30.37325765
40,35.04333415,43.73293718,29.20371161
40,36.62263501,44.60682517,29.08284092
35,29.64094072,36.55313573,23.59689888
39,33.87099282,44.3304293,28.39181029
39,35.13311468,43.3778805,27.80170792
39,34.94262942,42.3124956,29.0155318
39,35.71483834,41.89786227,28.29712204
39,35.35765994,44.66909789,28.19341735
35,32.92966922,37.79196588,25.62496431
36,31.93548509,40.58236839,27.68350714
38,34.78147434,41.39757204,26.82896888
38,35.4072482,41.51802332,27.0274301
36,31.34455787,38.90147858,27.32759334
35,33.56278363,38.94156308,25.48621356
35,32.44541648,40.21508246,27.40046735
36,31.72602195,40.94094595,25.50311257
36,32.05860458,40.09262259,26.05811428
35,31.39704096,38.81557057,24.93866459
32,28.05498509,34.80972939,21.8470989
33,30.33490159,35.04784711,23.48764738
34,32.31887068,36.52351438,23.23963483
35,30.97213184,39.93972519,24.33801057
33,29.61039465,37.98937091,23.40340216
32,28.68355349,35.74164966,22.96696401
32,27.95943115,35.78486298,21.0906402
33,30.46209739,35.2837438,22.66543111
34,29.84294578,38.347051,24.08737663
29,24.57699708,32.63121746,21.19713969
30,28.31588402,33.28957486,20.33378398
33,29.63114431,35.42112493,22.98323796
32,29.90665827,36.156521,24.07141175
30,27.05436363,33.55834604,22.54970214
28,24.38979745,30.50428447,20.30282564
29,27.20196533,30.96047376,21.37906741
27,23.54302819,29.01076953,19.38707012
26,23.43595179,28.34758133,18.75123065
28,25.34553122,30.62998949,19.29116332
30,29.83739611,34.06691119,23.51751948
29,25.7835726,32.44862731,21.94607196
29,25.38580659,32.28905389,18.90130137
28,25.37170906,29.73371232,19.09564911
27,24.88057065,29.5597315,18.7098617
27,24.89256498,28.60010199,19.7429798
25,23.05845612,27.73116404,17.40295802
27,25.91754097,30.66024153,20.04047481
24,20.55651423,26.8259971,16.92477504
25,21.19310334,28.91118798,16.54851768
26,24.3413038,30.08460882,19.4375862
27,23.80856527,30.65087908,17.49217872
